[
  {
    "ip": "94.72.180.82",
    "po": 444
  },
  {
    "ip": "103.224.244.218",
    "po": 444
  },
  {
    "ip": "103.224.244.218",
    "po": 475
  },
  {
    "ip": "103.4.30.88",
    "po": 444
  },
  {
    "ip": "144.168.36.90",
    "po": 444
  },
  {
    "ip": "148.113.17.85",
    "po": 444
  },
  {
    "ip": "148.113.17.85",
    "po": 475
  },
  {
    "ip": "15.235.216.115",
    "po": 444
  },
  {
    "ip": "15.235.218.24",
    "po": 444
  },
  {
    "ip": "15.235.218.24",
    "po": 443
  },
  {
    "ip": "181.41.140.146",
    "po": 444
  },
  {
    "ip": "181.41.140.146",
    "po": 475
  },
  {
    "ip": "181.41.140.146",
    "po": 443
  },
  {
    "ip": "181.41.140.170",
    "po": 444
  },
  {
    "ip": "181.41.140.170",
    "po": 443
  },
  {
    "ip": "181.41.140.178",
    "po": 444
  },
  {
    "ip": "206.206.76.190",
    "po": 444
  },
  {
    "ip": "217.138.162.194",
    "po": 444
  },
  {
    "ip": "94.20.222.150",
    "po": 444
  },
  {
    "ip": "107.155.103.54",
    "po": 443
  },
  {
    "ip": "107.155.103.54",
    "po": 444
  },
  {
    "ip": "135.125.74.228",
    "po": 443
  },
  {
    "ip": "135.125.74.228",
    "po": 444
  },
  {
    "ip": "162.19.235.91",
    "po": 444
  },
  {
    "ip": "185.199.38.101",
    "po": 444
  },
  {
    "ip": "198.244.228.230",
    "po": 444
  },
  {
    "ip": "198.244.231.35",
    "po": 444
  },
  {
    "ip": "213.159.5.171",
    "po": 443
  },
  {
    "ip": "213.159.5.171",
    "po": 444
  },
  {
    "ip": "51.91.19.175",
    "po": 443
  },
  {
    "ip": "51.91.19.175",
    "po": 444
  },
  {
    "ip": "57.128.20.155",
    "po": 444
  },
  {
    "ip": "57.128.202.109",
    "po": 444
  },
  {
    "ip": "57.129.37.42",
    "po": 443
  },
  {
    "ip": "57.129.37.42",
    "po": 444
  },
  {
    "ip": "92.222.100.202",
    "po": 444
  },
  {
    "ip": "95.216.38.155",
    "po": 444
  },
  {
    "ip": "107.155.76.138",
    "po": 444
  },
  {
    "ip": "107.155.83.170",
    "po": 443
  },
  {
    "ip": "107.155.83.170",
    "po": 444
  },
  {
    "ip": "107.155.98.202",
    "po": 444
  },
  {
    "ip": "15.204.212.200",
    "po": 443
  },
  {
    "ip": "15.204.212.200",
    "po": 444
  },
  {
    "ip": "15.204.213.229",
    "po": 443
  },
  {
    "ip": "15.204.213.229",
    "po": 444
  },
  {
    "ip": "172.93.101.248",
    "po": 443
  },
  {
    "ip": "172.93.101.248",
    "po": 444
  },
  {
    "ip": "172.93.101.248",
    "po": 446
  },
  {
    "ip": "192.211.52.146",
    "po": 444
  },
  {
    "ip": "206.221.176.180",
    "po": 443
  },
  {
    "ip": "206.221.176.180",
    "po": 444
  },
  {
    "ip": "206.221.176.211",
    "po": 444
  },
  {
    "ip": "206.221.176.241",
    "po": 443
  },
  {
    "ip": "206.221.176.241",
    "po": 444
  },
  {
    "ip": "206.221.176.241",
    "po": 480
  },
  {
    "ip": "23.227.195.74",
    "po": 444
  },
  {
    "ip": "66.165.238.34",
    "po": 444
  },
  {
    "ip": "51.161.209.120",
    "po": 444
  },
  {
    "ip": "45.158.39.114",
    "po": 443
  },
  {
    "ip": "45.158.39.114",
    "po": 444
  },
  {
    "ip": "45.158.39.122",
    "po": 444
  },
  {
    "ip": "45.158.39.98",
    "po": 443
  },
  {
    "ip": "45.158.39.98",
    "po": 444
  }
]